﻿Designator,Footprint,Quantity,Value,LCSC Part #
C1,1206,1,22uF,
C10,0805,1,C_Small,
"C11, C12, C2, C4, C5, C8, C9",0805,7,100nF,
C3,0805,1,10uF,
J1,Connector_horizontal_amiga1.04_GREEN,1,Front_Connector,
J2,IDC-Header_2x05_P2.54mm_Vertical,1,Conn_02x05_Odd_Even,
"R1, R10, R11, R12, R13, R14, R15, R16, R2, R3, R4, R5, R6, R7, R8, R9",0603,16,33r,
"R17, R18, R19",0603,3,10k,
"SRAM_1, SRAM_2",TSOP-I-32_18.4x8mm_P0.5mm,2,~,
U1,TQFP-64_10x10mm_P0.5mm,1,XC9572XL-xxVQx64,
U2,SOT-223-3_TabPin2,1,LD1117S33TR_SOT223,
